{
	"class_name" : "PinholeCameraParameters",
	"extrinsic" : 
	[
		-0.99874773774581449,
		-0.013374559558483124,
		-0.048208687020439712,
		0.0,
		0.048497033283118593,
		-0.022144812418715833,
		-0.99857781121236422,
		0.0,
		0.012287966078819264,
		-0.99966530821048138,
		0.022765707766052658,
		0.0,
		-3.8576055171762662,
		14.216620215015229,
		42.531911970397744,
		1.0
	],
	"intrinsic" : 
	{
		"height" : 960,
		"intrinsic_matrix" : 
		[
			831.38438763306112,
			0.0,
			0.0,
			0.0,
			831.38438763306112,
			0.0,
			959.5,
			479.5,
			1.0
		],
		"width" : 1920
	},
	"version_major" : 1,
	"version_minor" : 0
}